EnemyID,Name,Level,HP,Attack,Speed,Gold
1,DeepOnes,1,20,5,0.06,10
1,DeepOnes,2,30,8,0.06,10
1,DeepOnes,3,40,11,0.06,20
1,DeepOnes,4,55,14,0.06,20
1,DeepOnes,6,90,20,0.06,30
2,Shoggoth,1,40,5,0.05,10
2,Shoggoth,2,60,8,0.05,10
2,Shoggoth,3,80,11,0.05,20
2,Shoggoth,4,110,14,0.05,20
2,Shoggoth,6,180,20,0.05,30
3,,,,,,
3,,,,,,
3,,,,,,
3,,,,,,
3,,,,,,
4,,,,,,
4,,,,,,
4,,,,,,
4,,,,,,
4,,,,,,
5,,,,,,
5,,,,,,
5,,,,,,
5,,,,,,
5,,,,,,
6,,,,,,
6,,,,,,
6,,,,,,
6,,,,,,
6,,,,,,
7,,,,,,
7,,,,,,
7,,,,,,
7,,,,,,
7,,,,,,
8,,,,,,
8,,,,,,
8,,,,,,
8,,,,,,
8,,,,,,
